BP,BPM,Beats per Second (1000ms),Cumulative Perfusion Grad,Current Perfusion Grad,Decision,EGM Kurtosis RV,EGM Mean RV,EGM STD RV,EGM Skewness RV,Max Actual BP,Mean Actual BP,Per Cum. Kurtosis,Per Cum. Mean,Per Cum. STD,Per Cum. Skewness,Per Kurtosis,Per Mean,Per STD,Per Skewness,R-R Interval RV
0.0,60.0,1.0,0.0,0.0,1.0,10.85018091644589,0.004777576998655939,0.014885187718398236,3.439417616703694,91.60000000000001,8.86735,0.0,0.0,0.0,0.0,0.0,0.0,0.0,0.0,1000.0
0.0,60.0,1.0,0.0,0.0,1.0,10.221934491533702,0.0056605504883263,0.014837512733234807,3.300597249596839,91.60000000000001,17.172050000000002,0.0,0.0,0.0,0.0,0.0,0.0,0.0,0.0,1000.0
0.0,60.0,1.0,0.0,0.0,1.0,9.863878711570221,0.006443978138846155,0.01474273253436752,3.2111540962573786,91.60000000000001,25.118049999999997,0.0,0.0,0.0,0.0,0.0,0.0,0.0,0.0,1000.0
