,!Max Actual BP,!Mean Actual BP,Beats per Second (1000ms),Cumulative Perfusion Grad,Current Perfusion Grad,Decision,EGM Kurtosis,EGM Mean,EGM STD,EGM Skewness,Per Cum. Kurtosis,Per Cum. Mean,Per Cum. STD,Per Cum. Skewness,Per Kurtosis,Per Mean,Per STD,Per Skewness
0,0.801,0.1252975,1.0,0.0,0.0,0.0,7.078824881200054,0.004881527072878717,0.014458580418895847,2.9170906547403708,0.0,0.0,0.0,0.0,0.0,0.0,0.0,0.0
1,0.801,0.2404358333333333,1.0,0.0,0.0,0.0,1.201231664547005,0.00897666708120699,0.017603479694480843,1.6661168101462922,0.0,0.0,0.0,0.0,0.0,0.0,0.0,0.0
2,0.801,0.34791083333333334,2.0,0.0,0.0,0.0,-0.220718681895681,0.012082662261173289,0.018390360002115306,1.1193258819555998,0.0,0.0,0.0,0.0,0.0,0.0,0.0,0.0
3,0.801,0.45012,2.0,0.0,0.0,0.0,-0.9622525552615699,0.015347907494540505,0.018784962036595625,0.6819632724616675,0.0,0.0,0.0,0.0,0.0,0.0,0.0,0.0
